rank,Player,Age,team,position,GP,goals,assists,points,plus_minus,penality_mins,even_strength_goals,power_play_goals,short_handed_goals,game_winning_goals,even_strength_assists,power_play_assists,short_handed_assists,shots_on_goal,shooting_percentage,total_ice_time,avg_total_ice_time,blocks,hits,faceoff_wins,faceoff_losses,faceoff_pct,date_retrieved
1,Sebastian Aho,27,CAR,F,15,7,8,15,3,8,4,3,0,1,4,4,0,41,17.1,312,20:48,10,45,144,121,54.3,2025-06-17
2,Alexander Alexeyev,25,WSH,D,10,0,0,0,-2,4,0,0,0,0,0,0,0,6,0.0,104,10:25,12,12,0,0,,2025-06-17
3,Michael Amadio,28,OTT,C,6,0,1,1,-2,2,0,0,0,0,1,0,0,5,0.0,99,16:32,0,22,2,0,100.0,2025-06-17
4,Josh Anderson,30,MTL,RW,5,0,1,1,-2,20,0,0,0,0,1,0,0,11,0.0,69,13:53,1,26,1,3,25.0,2025-06-17
5,Michael Anderson,25,LAK,D,6,0,1,1,-4,2,0,0,0,0,1,0,0,4,0.0,153,25:25,7,22,0,0,,2025-06-17
6,Jaret Anderson-Dolan,25,WPG,C,5,1,1,2,-1,2,1,0,0,0,1,0,0,3,33.3,42,8:20,2,19,2,0,100.0,2025-06-17
7,Mason Appleton,29,WPG,C,13,0,7,7,5,14,0,0,0,0,5,2,0,16,0.0,193,14:51,7,28,1,2,33.3,2025-06-17
8,Joel Armia,31,MTL,RW,5,0,2,2,2,2,0,0,0,0,2,0,0,4,0.0,62,12:24,0,8,0,0,,2025-06-17
9,Viktor Arvidsson,31,EDM,LW,15,2,5,7,3,6,2,0,0,0,5,0,0,24,8.3,174,11:36,4,16,3,5,37.5,2025-06-17
10,Oskar Back,24,DAL,C,11,0,2,2,-2,2,0,0,0,0,2,0,0,2,0.0,121,11:03,5,8,5,2,71.4,2025-06-17
11,Uvis Balinskis,28,FLA,D,5,1,0,1,4,2,1,0,0,0,0,0,0,4,25.0,63,12:35,7,8,0,0,,2025-06-17
12,Ivan Barbashev,29,VEG,C,11,1,1,2,-9,6,1,0,0,1,0,1,0,14,7.1,193,17:30,6,43,7,4,63.6,2025-06-17
13,Aleksander Barkov,29,FLA,C,22,6,14,20,1,4,4,2,0,0,8,6,0,45,13.3,451,20:29,22,50,253,178,58.7,2025-06-17
14,Morgan Barron,26,WPG,C,13,0,2,2,-6,2,0,0,0,0,2,0,0,13,0.0,156,12:02,1,37,47,54,46.5,2025-06-17
15,Nathan Bastian,27,NJD,RW,5,0,0,0,1,0,0,0,0,0,0,0,0,6,0.0,58,11:36,3,15,0,0,,2025-06-17
16,Drake Batherson,26,OTT,C,6,1,1,2,-4,10,1,0,0,0,0,1,0,9,11.1,105,17:29,3,27,2,2,50.0,2025-06-17
17,Anthony Beauvillier,27,WSH,LW,10,2,4,6,1,2,2,0,0,0,4,0,0,21,9.5,130,13:03,4,31,0,0,,2025-06-17
18,Jamie Benn,35,DAL,LW,18,1,2,3,-11,26,0,1,0,0,1,1,0,25,4.0,236,13:06,14,66,41,49,45.6,2025-06-17
19,Sam Bennett,28,FLA,C,22,15,7,22,6,46,11,4,0,1,7,0,0,66,22.7,386,17:32,11,103,89,145,38.0,2025-06-17
20,Simon Benoit,26,TOR,D,13,1,1,2,-3,10,1,0,0,1,1,0,0,11,9.1,239,18:23,39,42,0,0,,2025-06-17
21,Lian Bichsel,20,DAL,D,18,0,1,1,0,28,0,0,0,0,1,0,0,12,0.0,212,11:47,9,75,0,0,,2025-06-17
22,Colin Blackwell,31,DAL,C,11,1,0,1,-5,6,1,0,0,1,0,0,0,16,6.3,121,11:02,5,26,26,27,49.1,2025-06-17
23,Jackson Blake,21,CAR,RW,15,3,3,6,0,16,1,2,0,0,3,0,0,26,11.5,254,16:55,1,17,3,7,30.0,2025-06-17
24,Zach Bogosian,34,MIN,D,6,0,1,1,1,0,0,0,0,0,0,0,1,2,0.0,78,13:00,4,6,0,0,,2025-06-17
25,Zachary Bolduc,21,STL,C,7,0,1,1,-1,16,0,0,0,0,1,0,0,7,0.0,93,13:17,2,19,0,1,0.0,2025-06-17
26,Matt Boldy,23,MIN,LW,6,5,2,7,0,2,5,0,0,1,1,1,0,20,25.0,150,25:01,5,12,1,4,20.0,2025-06-17
27,Jesper Boqvist,26,FLA,C,13,2,3,5,1,0,2,0,0,0,3,0,0,7,28.6,124,9:33,4,41,2,3,40.0,2025-06-17
28,Evan Bouchard,25,EDM,D,21,7,16,23,10,8,5,2,0,1,12,4,0,67,10.4,552,26:17,33,8,0,0,,2025-06-17
29,Mavrik Bourque,23,DAL,C,3,0,0,0,-1,2,0,0,0,0,0,0,0,8,0.0,32,10:32,3,6,3,7,30.0,2025-06-17
30,Jesper Bratt,26,NJD,W,5,1,2,3,-5,0,1,0,0,0,2,0,0,20,5.0,117,23:23,5,6,0,0,,2025-06-17
31,Justin Brazeau,26,MIN,F,6,0,2,2,1,0,0,0,0,0,2,0,0,2,0.0,48,7:57,2,22,0,0,,2025-06-17
32,Philip Broberg,23,STL,D,7,1,1,2,9,2,1,0,0,0,1,0,0,8,12.5,155,22:07,10,4,0,0,,2025-06-17
33,Jonas Brodin,31,MIN,D,6,0,1,1,-1,0,0,0,0,0,1,0,0,4,0.0,149,24:48,11,6,0,0,,2025-06-17
34,Connor Brown,31,EDM,RW,19,5,3,8,0,2,5,0,0,0,3,0,0,27,18.5,302,15:52,11,18,8,7,53.3,2025-06-17
35,Josh Brown,31,EDM,D,1,0,0,0,1,0,0,0,0,0,0,0,0,0,,5,4:54,3,0,0,0,,2025-06-17
36,Pavel Buchnevich,29,STL,LW,7,3,5,8,1,14,2,1,0,0,3,2,0,14,21.4,144,20:35,4,14,1,1,50.0,2025-06-17
37,Zeev Buium,19,MIN,D,4,0,1,1,-1,4,0,0,0,0,0,1,0,2,0.0,54,13:36,1,3,0,0,,2025-06-17
38,Brent Burns,39,CAR,D,15,1,4,5,1,10,1,0,0,0,2,2,0,26,3.8,344,22:55,19,10,0,0,,2025-06-17
39,Quinton Byfield,22,LAK,C,6,3,1,4,-7,2,3,0,0,0,1,0,0,18,16.7,135,22:27,2,14,36,47,43.4,2025-06-17
40,Brandon Carlo,28,TOR,D,13,0,0,0,-4,8,0,0,0,0,0,0,0,14,0.0,248,19:05,32,9,0,0,,2025-06-17
41,John Carlson,35,WSH,D,10,1,2,3,3,2,0,1,0,1,1,1,0,13,7.7,243,24:15,16,10,0,0,,2025-06-17
42,Alexandre Carrier,28,MTL,D,5,1,1,2,0,0,1,0,0,0,1,0,0,8,12.5,104,20:44,15,7,0,0,,2025-06-17
43,William Carrier,30,CAR,LW,15,0,0,0,1,8,0,0,0,0,0,0,0,23,0.0,175,11:39,8,63,4,0,100.0,2025-06-17
44,Seamus Casey,21,NJD,D,1,0,0,0,0,0,0,0,0,0,0,0,0,0,,9,9:13,2,1,0,0,,2025-06-17
45,Cole Caufield,24,MTL,RW,5,3,1,4,-6,0,1,2,0,0,1,0,0,24,12.5,98,19:35,0,5,1,1,50.0,2025-06-17
46,Cody Ceci,31,DAL,D,18,0,3,3,-6,2,0,0,0,0,3,0,0,19,0.0,387,21:31,25,22,0,0,,2025-06-17
47,Erik Černák,27,TBL,D,5,1,0,1,1,4,1,0,0,0,0,0,0,14,7.1,90,17:56,7,15,0,0,,2025-06-17
48,Thomas Chabot,28,OTT,D,6,1,3,4,1,2,1,0,0,1,2,1,0,11,9.1,150,24:58,8,8,0,0,,2025-06-17
49,Mitchell Chaffee,27,TBL,F,4,1,0,1,0,0,1,0,0,0,0,0,0,1,100.0,45,11:20,1,8,0,0,,2025-06-17
50,Jalen Chatfield,28,CAR,D,9,1,0,1,6,6,1,0,0,0,0,0,0,8,12.5,184,20:24,11,9,0,0,,2025-06-17
51,Dennis Cholowski,26,NJD,D,2,0,0,0,1,0,0,0,0,0,0,0,0,2,0.0,18,8:59,2,0,0,0,,2025-06-17
52,Jakob Chychrun,26,WSH,D,10,3,2,5,3,6,3,0,0,1,1,1,0,18,16.7,239,23:53,30,13,0,0,,2025-06-17
53,Anthony Cirelli,27,TBL,C,5,1,0,1,-4,18,1,0,0,0,0,0,0,5,20.0,81,16:15,8,14,33,35,48.5,2025-06-17
54,Brandt Clarke,21,LAK,D,6,2,0,2,1,0,1,1,0,0,0,0,0,6,33.3,77,12:47,6,4,0,0,,2025-06-17
55,Ross Colton,28,COL,C,1,0,0,0,0,0,0,0,0,0,0,0,0,1,0.0,7,7:04,0,3,1,0,100.0,2025-06-17
56,Kyle Connor,28,WPG,LW,13,5,12,17,4,0,5,0,0,2,8,4,0,45,11.1,290,22:17,5,11,0,0,,2025-06-17
57,Paul Cotter,25,NJD,C,5,0,1,1,-1,2,0,0,0,0,1,0,0,5,0.0,72,14:25,3,22,0,1,0.0,2025-06-17
58,Nick Cousins,31,OTT,C,5,0,0,0,0,0,0,0,0,0,0,0,0,2,0.0,47,9:20,1,14,1,1,50.0,2025-06-17
59,Charlie Coyle,32,COL,C,7,1,0,1,-4,2,1,0,0,0,0,0,0,7,14.3,90,12:50,3,23,46,34,57.5,2025-06-17
60,Dylan Cozens,23,OTT,C,6,1,1,2,-2,12,0,0,1,0,1,0,0,13,7.7,100,16:36,1,27,26,32,44.8,2025-06-17
61,Evgenii Dadonov,35,DAL,RW,16,1,3,4,-3,2,1,0,0,0,3,0,0,16,6.3,186,11:39,7,19,0,0,,2025-06-17
62,Phillip Danault,31,LAK,C,6,2,6,8,2,0,2,0,0,1,4,2,0,9,22.2,124,20:39,12,13,64,57,52.9,2025-06-17
63,Dylan DeMelo,31,WPG,D,12,1,3,4,-1,10,1,0,0,0,3,0,0,18,5.6,262,21:52,14,24,0,0,,2025-06-17
64,Ivan Demidov,19,MTL,RW,5,0,2,2,-5,0,0,0,0,0,0,2,0,2,0.0,72,14:29,2,8,0,0,,2025-06-17
65,Brenden Dillon,34,NJD,D,1,0,0,0,0,0,0,0,0,0,0,0,0,0,,9,8:53,0,4,0,0,,2025-06-17
66,Max Domi,29,TOR,LW,13,3,4,7,2,33,3,0,0,1,3,1,0,19,15.8,171,13:07,1,17,61,45,57.5,2025-06-17
67,Pavel Dorofeyev,24,VEG,LW,8,1,1,2,-7,2,0,1,0,0,0,1,0,27,3.7,139,17:26,3,6,0,1,0.0,2025-06-17
68,Drew Doughty,35,LAK,D,6,1,3,4,-7,6,0,1,0,0,3,0,0,10,10.0,163,27:12,7,12,0,0,,2025-06-17
69,Nic Dowd,34,WSH,C,10,0,1,1,-3,8,0,0,0,0,1,0,0,10,0.0,151,15:08,22,23,78,79,49.7,2025-06-17
70,Justin Dowling,34,NJD,C,5,0,0,0,0,0,0,0,0,0,0,0,0,4,0.0,56,11:15,1,12,22,26,45.8,2025-06-17
71,Leon Draisaitl,29,EDM,C,21,11,22,33,8,6,7,4,0,4,14,8,0,56,19.6,479,22:47,14,29,203,194,51.1,2025-06-17
72,Jonathan Drouin,29,COL,LW,7,0,3,3,-6,0,0,0,0,0,0,3,0,9,0.0,102,14:37,4,5,4,3,57.1,2025-06-17
73,Jack Drury,24,COL,C,7,1,1,2,2,4,1,0,0,0,1,0,0,9,11.1,90,12:54,4,8,38,23,62.3,2025-06-17
74,Pierre-Luc Dubois,26,WSH,LW,10,0,3,3,3,12,0,0,0,0,3,0,0,13,0.0,171,17:03,7,22,79,66,54.5,2025-06-17
75,Matt Duchene,34,DAL,C,18,1,5,6,-16,6,0,1,0,1,0,5,0,23,4.3,299,16:36,13,16,82,45,64.6,2025-06-17
76,Brandon Duhaime,27,WSH,RW,10,3,1,4,-4,10,3,0,0,0,1,0,0,11,27.3,142,14:10,16,40,1,4,20.0,2025-06-17
77,Brian Dumoulin,33,NJD,D,5,0,0,0,0,0,0,0,0,0,0,0,0,4,0.0,147,29:21,14,14,0,0,,2025-06-17
78,Christian Dvorak,28,MTL,C,5,2,0,2,-1,4,2,0,0,1,0,0,0,7,28.6,82,16:22,5,5,40,39,50.6,2025-06-17
79,Joel Edmundson,31,LAK,D,6,0,1,1,2,2,0,0,0,0,1,0,0,2,0.0,139,23:14,17,16,0,0,,2025-06-17
80,Nikolaj Ehlers,28,WPG,LW,8,5,2,7,1,4,4,1,0,0,1,1,0,31,16.1,138,17:17,4,12,0,0,,2025-06-17
81,Jack Eichel,28,VEG,C,11,1,9,10,-8,0,1,0,0,0,4,4,1,30,3.3,255,23:08,12,16,90,102,46.9,2025-06-17
82,Aaron Ekblad,28,FLA,D,18,4,8,12,6,38,3,1,0,0,5,3,0,36,11.1,434,24:08,25,62,0,0,,2025-06-17
83,Mattias Ekholm,34,EDM,D,6,1,5,6,2,14,1,0,0,0,4,1,0,13,7.7,133,22:06,13,1,0,0,,2025-06-17
84,Oliver Ekman-Larsson,33,TOR,D,13,2,2,4,-1,8,2,0,0,0,2,0,0,12,16.7,248,19:04,18,18,0,0,,2025-06-17
85,Lars Eller,35,WSH,C,9,0,1,1,-1,2,0,0,0,0,1,0,0,3,0.0,97,10:45,3,13,36,35,50.7,2025-06-17
86,Ty Emberson,24,EDM,D,9,0,0,0,1,0,0,0,0,0,0,0,0,5,0.0,85,9:29,4,14,0,0,,2025-06-17
87,Joel Eriksson Ek,28,MIN,C,6,0,3,3,0,4,0,0,0,0,2,1,0,19,0.0,132,22:00,10,8,82,71,53.6,2025-06-17
88,Jake Evans,28,MTL,C,5,0,1,1,0,2,0,0,0,0,1,0,0,4,0.0,78,15:30,2,11,36,30,54.5,2025-06-17
89,Brock Faber,22,MIN,D,6,0,0,0,2,2,0,0,0,0,0,0,0,4,0.0,162,27:04,12,4,0,0,,2025-06-17
90,Radek Faksa,31,STL,C,7,1,4,5,7,2,1,0,0,0,4,0,0,2,50.0,106,15:06,5,21,53,41,56.4,2025-06-17
91,Justin Faulk,32,STL,D,7,1,2,3,3,8,1,0,0,0,1,1,0,12,8.3,166,23:43,13,19,0,0,,2025-06-17
92,Kevin Fiala,28,LAK,LW,6,3,4,7,0,2,1,2,0,0,2,2,0,25,12.0,131,21:53,5,20,0,0,,2025-06-17
93,Haydn Fleury,28,WPG,D,8,0,2,2,2,8,0,0,0,0,2,0,0,3,0.0,122,15:16,10,16,0,0,,2025-06-17
94,Warren Foegele,28,LAK,LW,6,1,2,3,1,0,1,0,0,0,1,1,0,25,4.0,112,18:41,5,19,2,3,40.0,2025-06-17
95,Marcus Foligno,33,MIN,LW,6,3,1,4,4,6,2,0,1,0,1,0,0,10,30.0,96,16:04,3,42,1,4,20.0,2025-06-17
96,Gustav Forsling,28,FLA,D,22,1,4,5,9,8,1,0,0,1,3,1,0,30,3.3,512,23:17,35,32,0,0,,2025-06-17
97,Cam Fowler,33,STL,D,7,2,8,10,2,0,2,0,0,1,3,5,0,12,16.7,163,23:17,9,2,0,0,,2025-06-17
98,Trent Frederic,26,EDM,C,21,1,3,4,2,25,1,0,0,1,3,0,0,22,4.5,240,11:25,14,80,12,9,57.1,2025-06-17
99,Jonah Gadjovich,26,FLA,LW,15,2,1,3,3,33,2,0,0,0,1,0,0,9,22.2,115,7:41,11,63,0,0,,2025-06-17
100,Brendan Gallagher,32,MTL,RW,5,0,2,2,-7,0,0,0,0,0,1,1,0,13,0.0,78,15:37,1,16,0,1,0.0,2025-06-17
101,Adam Gaudette,28,OTT,C,6,1,2,3,2,4,1,0,0,0,1,0,1,4,25.0,56,9:17,5,9,9,17,34.6,2025-06-17
102,Frédérick Gaudreau,31,MIN,C,6,0,0,0,2,0,0,0,0,0,0,0,0,2,0.0,87,14:27,6,8,22,34,39.3,2025-06-17
103,Vladislav Gavrikov,29,LAK,D,6,0,2,2,-1,2,0,0,0,0,2,0,0,5,0.0,126,21:00,10,4,0,0,,2025-06-17
104,Conor Geekie,20,TBL,C,4,0,1,1,0,2,0,0,0,0,1,0,0,3,0.0,49,12:22,3,8,1,1,50.0,2025-06-17
105,Samuel Girard,26,COL,D,7,1,2,3,2,0,1,0,0,0,2,0,0,7,14.3,123,17:38,8,9,0,0,,2025-06-17
106,Zemgus Girgensons,31,TBL,C,5,0,0,0,0,0,0,0,0,0,0,0,0,3,0.0,55,10:56,0,13,2,5,28.6,2025-06-17
107,Claude Giroux,37,OTT,C,6,1,4,5,3,0,0,1,0,0,3,1,0,7,14.3,105,17:30,1,7,29,35,45.3,2025-06-17
108,Cody Glass,25,NJD,C,5,0,0,0,-2,2,0,0,0,0,0,0,0,6,0.0,70,14:06,4,9,27,25,51.9,2025-06-17
109,Luke Glendening,35,TBL,C,5,1,1,2,2,0,1,0,0,0,1,0,0,1,100.0,49,9:43,5,13,31,27,53.4,2025-06-17
110,Gage Goncalves,24,TBL,C,5,1,3,4,-2,2,1,0,0,0,3,0,0,4,25.0,85,16:54,4,15,1,0,100.0,2025-06-17
111,Shayne Gostisbehere,31,CAR,D,15,3,6,9,-9,4,2,1,0,0,1,5,0,24,12.5,284,18:56,16,12,0,0,,2025-06-17
112,Yanni Gourde,33,TBL,C,5,0,1,1,-3,0,0,0,0,0,1,0,0,2,0.0,73,14:31,6,9,5,7,41.7,2025-06-17
113,Mikael Granlund,32,DAL,C,18,5,5,10,-2,8,2,3,0,1,2,3,0,29,17.2,314,17:27,16,40,26,22,54.2,2025-06-17
114,A.J. Greer,28,FLA,LW,15,2,1,3,-2,22,2,0,0,1,1,0,0,11,18.2,115,7:40,8,51,5,4,55.6,2025-06-17
115,Ridly Greig,22,OTT,C,6,1,0,1,-1,8,1,0,0,0,0,0,0,9,11.1,108,18:01,2,11,3,4,42.9,2025-06-17
116,Jake Guentzel,30,TBL,C,5,3,3,6,-3,6,1,2,0,0,3,0,0,16,18.8,114,22:45,2,6,10,11,47.6,2025-06-17
117,Kaiden Guhle,23,MTL,D,5,0,0,0,-3,4,0,0,0,0,0,0,0,6,0.0,109,21:48,3,15,0,0,,2025-06-17
118,David Gustafsson,24,WPG,C,4,1,0,1,0,0,1,0,0,0,0,0,0,3,33.3,29,7:18,2,2,3,3,50.0,2025-06-17
119,Brandon Hagel,26,TBL,LW,3,0,0,0,-4,5,0,0,0,0,0,0,0,3,0.0,53,17:43,2,5,0,1,0.0,2025-06-17
120,Nicolas Hague,26,VEG,D,11,0,2,2,-2,9,0,0,0,0,2,0,0,11,0.0,178,16:13,18,22,0,0,,2025-06-17
121,Taylor Hall,33,CAR,LW,15,2,4,6,-7,2,2,0,0,1,2,2,0,30,6.7,223,14:50,5,19,0,6,0.0,2025-06-17
122,Dougie Hamilton,31,NJD,D,5,0,2,2,-3,6,0,0,0,0,2,0,0,10,0.0,125,25:01,7,11,0,0,,2025-06-17
123,Noah Hanifin,28,VEG,D,11,1,4,5,1,2,1,0,0,0,4,0,0,26,3.8,254,23:03,21,18,0,0,,2025-06-17
124,Thomas Harley,23,DAL,D,18,4,10,14,-10,10,3,1,0,1,3,7,0,31,12.9,467,25:58,39,22,0,0,,2025-06-17
125,Ryan Hartman,30,MIN,RW,6,2,4,6,1,2,2,0,0,0,3,1,0,18,11.1,105,17:26,11,5,40,46,46.5,2025-06-17
126,Erik Haula,33,NJD,LW,5,0,1,1,-1,2,0,0,0,0,1,0,0,9,0.0,93,18:36,3,20,31,21,59.6,2025-06-17
127,Victor Hedman,34,TBL,D,5,0,3,3,-6,0,0,0,0,0,1,2,0,10,0.0,123,24:32,6,3,0,0,,2025-06-17
128,Emil Heineman,23,MTL,LW,5,1,0,1,1,0,1,0,0,0,0,0,0,4,25.0,45,9:04,4,16,1,2,33.3,2025-06-17
129,Miro Heiskanen,25,DAL,D,8,1,3,4,-4,0,0,1,0,0,1,2,0,14,7.1,175,21:49,8,7,0,0,,2025-06-17
130,Samuel Helenius,22,LAK,C,6,0,1,1,-1,0,0,0,0,0,1,0,0,1,0.0,24,3:58,2,14,6,3,66.7,2025-06-17
131,Adam Henrique,34,EDM,C,21,4,3,7,5,4,4,0,0,1,3,0,0,34,11.8,310,14:45,29,51,169,154,52.3,2025-06-17
132,Tomáš Hertl,31,VEG,C,11,3,2,5,-3,0,3,0,0,0,0,2,0,28,10.7,201,18:17,4,35,78,83,48.4,2025-06-17
133,Matthew Highmore,28,OTT,LW,1,0,0,0,-1,4,0,0,0,0,0,0,0,1,0.0,9,9:10,1,3,0,0,,2025-06-17
134,Vinnie Hinostroza,30,MIN,C,1,0,0,0,0,2,0,0,0,0,0,0,0,1,0.0,12,11:57,1,1,0,0,,2025-06-17
135,Roope Hintz,28,DAL,LW,17,6,6,12,-2,10,2,4,0,0,4,2,0,37,16.2,301,17:42,14,14,127,128,49.8,2025-06-17
136,Nico Hischier,26,NJD,C,5,4,0,4,0,0,4,0,0,0,0,0,0,16,25.0,121,24:12,7,11,89,75,54.3,2025-06-17
137,Pontus Holmberg,25,TOR,RW,12,0,1,1,-4,4,0,0,0,0,1,0,0,11,0.0,153,12:43,8,15,6,6,50.0,2025-06-17
138,Brett Howden,26,VEG,C,11,3,0,3,-2,4,2,1,0,2,0,0,0,15,20.0,152,13:50,7,36,23,22,51.1,2025-06-17
139,Luke Hughes,21,NJD,D,1,0,0,0,-1,0,0,0,0,0,0,0,0,2,0.0,22,22:20,1,0,0,0,,2025-06-17
140,Lane Hutson,20,MTL,D,5,0,5,5,-5,0,0,0,0,0,2,3,0,5,0.0,124,24:50,2,1,0,0,,2025-06-17
141,Zach Hyman,32,EDM,LW,15,5,6,11,10,6,5,0,0,1,5,1,0,30,16.7,265,17:42,7,111,0,0,,2025-06-17
142,Alex Iafallo,31,WPG,C,13,1,1,2,-4,10,1,0,0,0,0,1,0,17,5.9,209,16:07,9,46,2,10,16.7,2025-06-17
143,Mark Jankowski,30,CAR,C,7,0,1,1,0,0,0,0,0,0,1,0,0,6,0.0,81,11:37,4,10,42,30,58.3,2025-06-17
144,Mattias Janmark,32,EDM,C,21,3,1,4,4,14,3,0,0,1,1,0,0,15,20.0,260,12:23,12,29,24,59,28.9,2025-06-17
145,Calle Järnkrok,33,TOR,C,12,0,1,1,-4,2,0,0,0,0,1,0,0,3,0.0,152,12:40,6,22,2,4,33.3,2025-06-17
146,Seth Jarvis,22,CAR,C,15,6,10,16,2,6,4,2,0,0,4,6,0,36,16.7,298,19:53,13,52,6,17,26.1,2025-06-17
147,Nick Jensen,34,OTT,D,6,0,0,0,-1,2,0,0,0,0,0,0,0,3,0.0,126,20:56,4,8,0,0,,2025-06-17
148,Marcus Johansson,34,MIN,C,5,0,2,2,0,0,0,0,0,0,2,0,0,5,0.0,70,14:02,3,8,1,2,33.3,2025-06-17
149,Erik Johnson,36,COL,D,2,0,0,0,0,0,0,0,0,0,0,0,0,4,0.0,30,14:49,2,5,0,0,,2025-06-17
150,Wyatt Johnston,21,DAL,C,18,4,6,10,-16,6,2,2,0,1,3,3,0,36,11.1,349,19:22,6,35,100,98,50.5,2025-06-17
151,Seth Jones,30,FLA,D,22,4,5,9,12,10,3,1,0,1,3,2,0,29,13.8,565,25:41,30,45,0,0,,2025-06-17
152,Mathieu Joseph,27,STL,RW,3,1,0,1,1,10,1,0,0,0,0,0,0,6,16.7,41,13:35,8,12,0,0,,2025-06-17
153,David Kämpf,30,TOR,C,1,0,0,0,-2,0,0,0,0,0,0,0,0,1,0.0,13,12:37,0,3,4,7,36.4,2025-06-17
154,Evander Kane,33,EDM,LW,20,6,6,12,4,32,6,0,0,0,5,1,0,45,13.3,328,16:24,7,92,12,13,48.0,2025-06-17
155,Kasperi Kapanen,28,EDM,RW,11,3,3,6,4,18,3,0,0,1,3,0,0,24,12.5,147,13:22,5,42,2,4,33.3,2025-06-17
156,Oliver Kapanen,21,MTL,C,3,0,1,1,0,0,0,0,0,0,1,0,0,1,0.0,21,6:56,0,2,8,10,44.4,2025-06-17
157,Kirill Kaprizov,27,MIN,LW,6,5,4,9,-1,4,2,3,0,0,4,0,0,22,22.7,139,23:08,10,6,0,0,,2025-06-17
158,William Karlsson,32,VEG,C,11,3,3,6,5,0,2,0,1,0,1,1,1,17,17.6,204,18:34,8,2,63,57,52.5,2025-06-17
159,Parker Kelly,25,COL,F,7,0,1,1,4,18,0,0,0,0,1,0,0,6,0.0,88,12:38,7,44,1,6,14.3,2025-06-17
160,Adrian Kempe,28,LAK,LW,6,4,6,10,-8,4,4,0,0,0,0,6,0,21,19.0,130,21:44,8,12,4,3,57.1,2025-06-17
161,Joel Kiviranta,28,COL,F,7,0,0,0,0,2,0,0,0,0,0,0,0,9,0.0,71,10:05,2,20,0,0,,2025-06-17
162,Tyler Kleven,23,OTT,D,6,0,2,2,0,6,0,0,0,0,2,0,0,4,0.0,95,15:47,8,16,0,0,,2025-06-17
163,John Klingberg,32,EDM,D,18,1,3,4,2,2,0,1,0,0,3,0,0,22,4.5,346,19:14,31,24,0,0,,2025-06-17
164,Matthew Knies,22,TOR,LW,13,5,2,7,-4,6,3,2,0,1,2,0,0,29,17.2,257,19:48,8,31,0,0,,2025-06-17
165,Keegan Kolesar,27,VEG,RW,11,0,1,1,-2,6,0,0,0,0,1,0,0,7,0.0,125,11:21,5,53,1,1,50.0,2025-06-17
166,Anže Kopitar,37,LAK,C,6,2,7,9,-6,0,1,1,0,0,4,3,0,8,25.0,129,21:29,6,8,80,58,58.0,2025-06-17
167,Kaedan Korczak,24,VEG,D,1,0,0,0,0,0,0,0,0,0,0,0,0,1,0.0,13,13:04,1,1,0,0,,2025-06-17
168,Jesperi Kotkaniemi,24,CAR,C,14,0,4,4,1,14,0,0,0,0,2,2,0,19,0.0,189,13:30,9,32,63,72,46.7,2025-06-17
169,Johnathan Kovacevic,27,NJD,D,3,0,0,0,-1,2,0,0,0,0,0,0,0,2,0.0,42,14:00,0,8,0,0,,2025-06-17
170,Nikita Kucherov,31,TBL,RW,5,0,4,4,0,2,0,0,0,0,3,1,0,7,0.0,115,22:59,1,5,0,0,,2025-06-17
171,Brett Kulak,31,EDM,D,21,1,4,5,10,8,1,0,0,0,4,0,0,23,4.3,493,23:28,42,15,0,0,,2025-06-17
172,Dmitry Kulikov,34,FLA,D,22,2,3,5,5,14,2,0,0,1,3,0,0,21,9.5,365,16:35,21,81,0,0,,2025-06-17
173,Andrei Kuzmenko,28,LAK,F,6,3,3,6,-5,4,0,3,0,1,2,1,0,17,17.6,110,18:15,3,5,0,0,,2025-06-17
174,Jordan Kyrou,26,STL,C,7,3,0,3,-4,0,1,2,0,0,0,0,0,18,16.7,123,17:34,1,6,0,0,,2025-06-17
175,Alex Laferriere,23,LAK,RW,6,0,3,3,1,2,0,0,0,0,3,0,0,10,0.0,110,18:15,4,20,1,6,14.3,2025-06-17
176,Patrik Laine,26,MTL,RW,2,0,1,1,-2,2,0,0,0,0,0,1,0,6,0.0,23,11:42,1,4,0,1,0.0,2025-06-17
177,Gabriel Landeskog,32,COL,LW,5,1,3,4,4,0,1,0,0,0,3,0,0,10,10.0,86,17:13,3,16,4,7,36.4,2025-06-17
178,Scott Laughton,30,TOR,C,13,0,2,2,-3,8,0,0,0,0,2,0,0,6,0.0,180,13:52,11,41,72,54,57.1,2025-06-17
179,Nick Leddy,33,STL,D,7,0,1,1,-4,2,0,0,0,0,1,0,0,1,0.0,99,14:11,3,6,0,0,,2025-06-17
180,Artturi Lehkonen,29,COL,LW,7,3,1,4,3,4,3,0,0,0,1,0,0,21,14.3,135,19:13,5,16,0,0,,2025-06-17
181,Ryan Leonard,20,WSH,RW,8,0,1,1,1,2,0,0,0,0,1,0,0,12,0.0,81,10:09,4,11,0,1,0.0,2025-06-17
182,Trevor Lewis,38,LAK,C,2,0,0,0,0,0,0,0,0,0,0,0,0,0,,8,4:10,1,5,0,0,,2025-06-17
183,Esa Lindell,30,DAL,D,18,1,1,2,-3,4,1,0,0,0,1,0,0,18,5.6,423,23:32,44,13,0,0,,2025-06-17
184,Ryan Lindgren,26,COL,D,7,0,3,3,5,8,0,0,0,0,3,0,0,8,0.0,130,18:37,12,13,0,0,,2025-06-17
185,Steven Lorentz,28,TOR,C,13,0,2,2,-4,4,0,0,0,0,2,0,0,13,0.0,158,12:07,11,42,7,0,100.0,2025-06-17
186,Adam Lowry,31,WPG,LW,13,4,0,4,2,16,4,0,0,1,0,0,0,24,16.7,227,17:27,9,61,127,114,52.7,2025-06-17
187,Anton Lundell,23,FLA,C,22,6,11,17,18,14,6,0,0,1,10,0,1,44,13.6,358,16:16,20,27,144,163,46.9,2025-06-17
188,Eetu Luostarinen,26,FLA,C,22,5,13,18,11,25,5,0,0,0,13,0,0,33,15.2,340,15:28,25,84,6,14,30.0,2025-06-17
189,Ilya Lyubushkin,30,DAL,D,14,0,3,3,-7,4,0,0,0,0,3,0,0,12,0.0,239,17:03,15,18,0,0,,2025-06-17
190,Nathan MacKinnon,29,COL,C,7,7,4,11,5,2,4,3,0,2,4,0,0,39,17.9,160,22:51,2,12,77,75,50.7,2025-06-17
191,Cale Makar,26,COL,D,7,1,4,5,-1,2,1,0,0,0,2,2,0,26,3.8,188,26:48,9,9,0,0,,2025-06-17
192,Sam Malinski,26,COL,D,5,0,1,1,3,4,0,0,0,0,1,0,0,9,0.0,70,14:00,4,7,0,0,,2025-06-17
193,Jeff Malott,28,LAK,F,6,0,0,0,-2,0,0,0,0,0,0,0,0,2,0.0,29,4:53,6,12,0,0,,2025-06-17
194,Andrew Mangiapane,28,WSH,LW,10,1,1,2,1,14,1,0,0,1,1,0,0,12,8.3,112,11:13,7,15,3,5,37.5,2025-06-17
195,Josh Manson,33,COL,D,7,2,1,3,4,8,1,0,1,0,1,0,0,18,11.1,132,18:50,10,24,0,0,,2025-06-17
196,Brad Marchand,36,FLA,LW,22,10,10,20,18,48,8,1,1,3,9,1,0,45,22.2,368,16:44,12,33,0,0,,2025-06-17
197,Mason Marchment,29,DAL,F,18,1,4,5,-5,18,1,0,0,0,1,3,0,34,2.9,275,15:16,12,70,2,3,40.0,2025-06-17
198,Mitch Marner,27,TOR,RW,13,2,11,13,-1,2,2,0,0,1,5,6,0,16,12.5,288,22:11,16,31,4,5,44.4,2025-06-17
199,Jordan Martinook,32,CAR,LW,15,1,5,6,1,8,0,0,1,1,5,0,0,15,6.7,246,16:22,14,50,4,9,30.8,2025-06-17
200,Emil Martinsen Lilleberg,23,TBL,D,5,0,1,1,0,4,0,0,0,0,1,0,0,1,0.0,60,11:58,5,8,0,0,,2025-06-17
201,Mike Matheson,30,MTL,D,5,0,1,1,-1,2,0,0,0,0,0,1,0,11,0.0,124,24:50,5,7,0,0,,2025-06-17
202,Nikolas Matinpalo,26,OTT,D,6,0,0,0,1,2,0,0,0,0,0,0,0,3,0.0,78,13:04,8,3,0,0,,2025-06-17
203,Auston Matthews,27,TOR,C,13,3,8,11,0,2,2,1,0,1,6,2,0,47,6.4,269,20:39,17,33,145,112,56.4,2025-06-17
204,Jake McCabe,31,TOR,D,13,0,4,4,-1,2,0,0,0,0,4,0,0,10,0.0,285,21:57,32,23,0,0,,2025-06-17
205,Connor McDavid,28,EDM,C,21,7,26,33,7,4,7,0,0,2,19,7,0,78,9.0,515,24:31,20,23,122,124,49.6,2025-06-17
206,Ryan McDonagh,35,TBL,D,5,0,3,3,2,0,0,0,0,0,3,0,0,8,0.0,96,19:08,5,7,0,0,,2025-06-17
207,Bobby McMann,28,TOR,F,13,0,3,3,-2,16,0,0,0,0,3,0,0,18,0.0,164,12:36,4,49,1,1,50.0,2025-06-17
208,Connor McMichael,24,WSH,C,10,4,2,6,3,2,4,0,0,0,2,0,0,18,22.2,170,16:58,8,10,8,14,36.4,2025-06-17
209,Brayden McNabb,34,VEG,D,11,0,4,4,-7,6,0,0,0,0,4,0,0,10,0.0,234,21:14,29,33,0,0,,2025-06-17
210,Timo Meier,28,NJD,RW,5,2,2,4,-1,6,2,0,0,0,2,0,0,18,11.1,109,21:49,8,21,0,2,0.0,2025-06-17
211,Dawson Mercer,23,NJD,C,5,2,0,2,-6,8,2,0,0,0,0,0,0,8,25.0,105,21:05,1,15,8,20,28.6,2025-06-17
212,Jonathon Merrill,32,MIN,D,2,0,0,0,0,0,0,0,0,0,0,0,0,1,0.0,25,12:20,2,1,0,0,,2025-06-17
213,Jacob Middleton,29,MIN,D,6,0,2,2,3,2,0,0,0,0,2,0,0,7,0.0,132,21:59,19,13,0,0,,2025-06-17
214,Niko Mikkola,28,FLA,D,21,3,3,6,6,37,3,0,0,1,2,1,0,17,17.6,424,20:13,21,49,0,0,,2025-06-17
215,Colin Miller,32,WPG,D,4,0,2,2,1,4,0,0,0,0,1,1,0,5,0.0,61,15:21,4,8,0,0,,2025-06-17
216,Trevor Moore,29,LAK,LW,6,2,2,4,3,0,2,0,0,0,1,1,0,14,14.3,120,19:57,8,16,0,1,0.0,2025-06-17
217,Josh Morrissey,29,WPG,D,12,0,6,6,0,8,0,0,0,0,3,3,0,19,0.0,254,21:08,21,21,0,0,,2025-06-17
218,Scott Morrow,22,CAR,D,5,0,0,0,-5,2,0,0,0,0,0,0,0,4,0.0,52,10:29,2,1,0,0,,2025-06-17
219,J.J. Moser,24,TBL,D,5,0,0,0,-2,0,0,0,0,0,0,0,0,3,0.0,77,15:19,8,1,0,0,,2025-06-17
220,Jacob Moverare,26,LAK,D,2,0,0,0,0,0,0,0,0,0,0,0,0,0,,5,2:31,2,0,0,0,,2025-06-17
221,Vladislav Namestnikov,32,WPG,C,13,3,3,6,0,16,2,1,0,1,2,1,0,14,21.4,212,16:20,7,30,51,87,37.0,2025-06-17
222,Martin Nečas,26,COL,C,7,1,4,5,2,0,1,0,0,0,4,0,0,15,6.7,146,20:47,1,16,2,3,40.0,2025-06-17
223,Jake Neighbours,22,STL,LW,7,1,5,6,-2,16,1,0,0,0,4,1,0,8,12.5,125,17:51,2,33,1,1,50.0,2025-06-17
224,Brock Nelson,33,COL,C,7,0,4,4,2,2,0,0,0,0,4,0,0,13,0.0,118,16:52,10,9,52,66,44.1,2025-06-17
225,Simon Nemec,20,NJD,D,4,1,1,2,3,2,1,0,0,1,1,0,0,6,16.7,83,20:40,3,2,0,0,,2025-06-17
226,Alex Newhook,24,MTL,C,5,1,1,2,-3,4,0,1,0,0,1,0,0,8,12.5,78,15:31,2,5,10,17,37.0,2025-06-17
227,Valeri Nichushkin,29,COL,RW,7,3,1,4,1,0,3,0,0,0,1,0,0,13,23.1,137,19:36,4,20,1,0,100.0,2025-06-17
228,Nino Niederreiter,32,WPG,RW,13,4,2,6,-3,10,3,1,0,0,2,0,0,25,16.0,201,15:29,4,37,1,1,50.0,2025-06-17
229,Alexander Nikishin,23,CAR,D,4,0,1,1,-5,6,0,0,0,0,1,0,0,3,0.0,64,15:59,2,17,0,0,,2025-06-17
230,Stefan Noesen,31,NJD,RW,5,1,1,2,-4,10,1,0,0,0,1,0,0,7,14.3,83,16:30,1,8,2,1,66.7,2025-06-17
231,Tomáš Nosek,32,FLA,C,15,0,3,3,4,4,0,0,0,0,3,0,0,14,0.0,172,11:26,9,42,59,67,46.8,2025-06-17
232,Ryan Nugent-Hopkins,31,EDM,C,21,6,14,20,6,6,2,4,0,1,10,4,0,46,13.0,415,19:44,21,26,67,98,40.6,2025-06-17
233,Darnell Nurse,29,EDM,D,21,3,5,8,4,31,3,0,0,0,5,0,0,43,7.0,493,23:29,42,56,0,0,,2025-06-17
234,William Nylander,28,TOR,C,13,6,9,15,-3,4,5,1,0,0,5,4,0,37,16.2,248,19:06,7,7,15,5,75.0,2025-06-17
235,Gustav Nyquist,35,MIN,RW,6,0,0,0,0,0,0,0,0,0,0,0,0,2,0.0,67,11:09,4,3,1,1,50.0,2025-06-17
236,Logan O'Connor,28,COL,RW,7,2,4,6,5,16,1,0,1,1,3,0,1,11,18.2,95,13:32,5,13,0,0,,2025-06-17
237,Victor Olofsson,29,VEG,RW,9,2,2,4,-4,0,0,2,0,0,1,1,0,14,14.3,129,14:22,1,13,1,1,50.0,2025-06-17
238,Dmitry Orlov,33,CAR,D,15,0,4,4,2,10,0,0,0,0,3,0,1,21,0.0,326,21:42,18,39,0,0,,2025-06-17
239,Alex Ovechkin,39,WSH,LW,10,5,1,6,0,6,2,3,0,1,1,0,0,33,15.2,170,17:01,3,31,0,0,,2025-06-17
240,Max Pacioretty,36,TOR,LW,11,3,5,8,1,4,2,1,0,1,5,0,0,14,21.4,141,12:51,6,61,0,0,,2025-06-17
241,Ondřej Palát,33,NJD,LW,5,0,2,2,5,2,0,0,0,0,2,0,0,5,0.0,88,17:40,6,15,0,0,,2025-06-17
242,Colton Parayko,31,STL,D,7,1,5,6,4,6,0,1,0,0,5,0,0,15,6.7,168,23:59,18,10,0,0,,2025-06-17
243,Nick Paul,29,TBL,LW,5,2,0,2,-4,2,2,0,0,1,0,0,0,12,16.7,83,16:35,0,18,29,23,55.8,2025-06-17
244,Tanner Pearson,32,VEG,LW,8,0,1,1,-2,0,0,0,0,0,1,0,0,6,0.0,71,8:49,2,20,3,2,60.0,2025-06-17
245,Nicklaus Perbix,26,TBL,D,5,0,1,1,0,4,0,0,0,0,1,0,0,3,0.0,65,12:57,2,1,0,0,,2025-06-17
246,Cole Perfetti,23,WPG,C,13,3,3,6,-4,2,1,2,0,0,3,0,0,28,10.7,212,16:17,6,32,4,3,57.1,2025-06-17
247,David Perron,36,OTT,LW,6,2,1,3,1,4,2,0,0,0,1,0,0,9,22.2,81,13:31,1,13,2,1,66.7,2025-06-17
248,Corey Perry,39,EDM,RW,21,10,4,14,2,12,5,5,0,1,2,2,0,38,26.3,321,15:16,3,34,0,3,0.0,2025-06-17
249,Brett Pesce,30,NJD,D,5,0,3,3,4,2,0,0,0,0,3,0,0,8,0.0,134,26:43,18,2,0,0,,2025-06-17
250,Alexander Petrovic,32,DAL,D,17,1,1,2,-1,4,1,0,0,1,1,0,0,11,9.1,217,12:45,15,32,0,0,,2025-06-17
251,Alex Pietrangelo,35,VEG,D,10,2,4,6,1,0,2,0,0,0,4,0,0,13,15.4,230,23:03,27,9,0,0,,2025-06-17
252,Shane Pinto,24,OTT,C,6,1,1,2,-1,2,0,0,1,0,1,0,0,7,14.3,119,19:53,5,12,49,66,42.6,2025-06-17
253,Neal Pionk,29,WPG,D,13,1,6,7,1,14,0,1,0,0,4,2,0,23,4.3,317,24:25,17,45,0,0,,2025-06-17
254,Vasily Podkolzin,23,EDM,RW,21,2,7,9,6,20,2,0,0,0,7,0,0,15,13.3,233,11:06,11,99,7,9,43.8,2025-06-17
255,Brayden Point,28,TBL,C,5,2,0,2,-1,4,2,0,0,0,0,0,0,12,16.7,109,21:48,2,2,31,29,51.7,2025-06-17
256,Aliaksei Protas,24,WSH,C,6,1,1,2,-2,0,1,0,0,0,1,0,0,3,33.3,106,17:36,5,4,0,1,0.0,2025-06-17
257,Darren Raddysh,28,TBL,D,4,0,0,0,-5,0,0,0,0,0,0,0,0,4,0.0,56,14:02,4,3,0,0,,2025-06-17
258,Taylor Raddysh,26,WSH,RW,7,0,1,1,-1,4,0,0,0,0,1,0,0,6,0.0,78,11:11,2,13,0,1,0.0,2025-06-17
259,Mikko Rantanen,28,DAL,RW,18,9,13,22,-3,10,7,2,0,2,8,5,0,50,18.0,374,20:46,21,15,3,7,30.0,2025-06-17
260,Sam Reinhart,29,FLA,C,20,7,12,19,1,6,7,0,0,0,8,4,0,59,11.9,431,21:33,23,37,33,60,35.5,2025-06-17
261,Morgan Rielly,30,TOR,D,13,4,3,7,-2,4,4,0,0,0,2,1,0,18,22.2,282,21:42,29,14,0,0,,2025-06-17
262,Jason Robertson,25,DAL,LW,11,4,2,6,-5,2,3,1,0,0,1,1,0,22,18.2,174,15:51,7,12,0,0,,2025-06-17
263,Nicholas Robertson,23,TOR,LW,3,1,1,2,1,6,1,0,0,0,1,0,0,2,50.0,30,9:59,4,3,4,0,100.0,2025-06-17
264,Eric Robinson,29,CAR,LW,15,1,2,3,-3,2,1,0,0,0,2,0,0,23,4.3,171,11:25,4,60,1,5,16.7,2025-06-17
265,Evan Rodrigues,31,FLA,C,20,2,13,15,3,10,1,1,0,0,7,6,0,32,6.3,323,16:10,10,42,28,37,43.1,2025-06-17
266,Jack Roslovic,28,CAR,C,9,1,3,4,-3,0,0,1,0,0,3,0,0,16,6.3,123,13:42,6,13,58,44,56.9,2025-06-17
267,Marco Rossi,23,MIN,C,6,2,1,3,0,6,2,0,0,0,0,1,0,9,22.2,67,11:08,3,7,23,24,48.9,2025-06-17
268,Matt Roy,29,WSH,D,10,0,2,2,-1,2,0,0,0,0,2,0,0,7,0.0,239,23:52,30,27,0,0,,2025-06-17
269,Nicolas Roy,27,VEG,C,11,2,2,4,-5,21,1,1,0,0,2,0,0,11,18.2,158,14:23,4,21,50,46,52.1,2025-06-17
270,Brandon Saad,32,VEG,LW,8,0,2,2,0,2,0,0,0,0,2,0,0,13,0.0,116,14:26,1,7,6,2,75.0,2025-06-17
271,Dylan Samberg,26,WPG,D,13,0,3,3,1,2,0,0,0,0,3,0,0,15,0.0,313,24:04,16,13,0,0,,2025-06-17
272,Mackie Samoskevich,22,FLA,RW,4,0,1,1,0,4,0,0,0,0,1,0,0,6,0.0,45,11:20,0,11,0,0,,2025-06-17
273,Jake Sanderson,22,OTT,D,6,1,2,3,-1,2,1,0,0,1,0,2,0,9,11.1,158,26:19,12,6,0,0,,2025-06-17
274,Rasmus Sandin,24,WSH,D,10,0,1,1,-1,0,0,0,0,0,1,0,0,12,0.0,213,21:18,24,7,0,0,,2025-06-17
275,David Savard,34,MTL,D,5,0,1,1,-2,0,0,0,0,0,1,0,0,2,0.0,58,11:39,9,8,0,0,,2025-06-17
276,Mark Scheifele,31,WPG,C,11,5,6,11,5,16,4,1,0,1,5,1,0,22,22.7,209,19:00,6,21,78,92,45.9,2025-06-17
277,Brayden Schenn,33,STL,C,7,2,1,3,-5,30,2,0,0,1,1,0,0,10,20.0,126,17:59,6,20,56,44,56.0,2025-06-17
278,Luke Schenn,35,WPG,D,11,0,1,1,-8,32,0,0,0,0,1,0,0,11,0.0,182,16:30,13,59,0,0,,2025-06-17
279,Nate Schmidt,33,FLA,D,22,3,9,12,8,4,2,1,0,2,6,3,0,24,12.5,358,16:15,18,34,0,0,,2025-06-17
280,Cole Schwindt,23,VEG,RW,1,0,0,0,0,0,0,0,0,0,0,0,0,0,,6,5:54,0,0,2,2,50.0,2025-06-17
281,Tyler Seguin,33,DAL,C,18,4,4,8,-3,10,3,1,0,1,2,2,0,28,14.3,272,15:06,3,13,71,62,53.4,2025-06-17
282,Jonas Siegenthaler,27,NJD,D,3,0,0,0,-3,6,0,0,0,0,0,0,0,3,0.0,80,26:31,9,11,0,0,,2025-06-17
283,Jeff Skinner,32,EDM,LW,4,1,1,2,0,0,1,0,0,0,1,0,0,7,14.3,47,11:43,1,9,0,0,,2025-06-17
284,Juraj Slafkovsky,20,MTL,LW,5,2,0,2,-4,4,1,1,0,0,0,0,0,15,13.3,99,19:52,1,15,0,0,,2025-06-17
285,Jaccob Slavin,30,CAR,D,15,2,2,4,10,0,2,0,0,1,2,0,0,31,6.5,356,23:44,36,8,0,0,,2025-06-17
286,Reilly Smith,33,VEG,RW,11,3,1,4,1,4,2,0,1,1,1,0,0,17,17.6,172,15:36,7,20,1,3,25.0,2025-06-17
287,Jimmy Snuggerud,20,STL,RW,7,2,2,4,2,0,1,1,0,0,2,0,0,12,16.7,120,17:05,3,9,0,0,,2025-06-17
288,Jordan Spence,23,LAK,D,5,1,0,1,-1,0,1,0,0,0,0,0,0,2,50.0,38,7:31,5,3,0,0,,2025-06-17
289,Daniel Sprong,27,NJD,RW,1,0,0,0,-1,0,0,0,0,0,0,0,0,0,,11,11:07,2,2,0,0,,2025-06-17
290,Jared Spurgeon,35,MIN,D,6,1,0,1,5,0,1,0,0,0,0,0,0,12,8.3,137,22:52,17,4,0,0,,2025-06-17
291,Jordan Staal,36,CAR,C,15,2,1,3,-1,8,2,0,0,0,1,0,0,18,11.1,254,16:55,11,68,160,137,53.9,2025-06-17
292,Logan Stankoven,21,CAR,C,15,5,3,8,-1,2,3,2,0,2,2,1,0,24,20.8,233,15:33,4,18,5,8,38.5,2025-06-17
293,Logan Stanley,26,WPG,D,5,0,0,0,-2,42,0,0,0,0,0,0,0,1,0.0,58,11:38,6,10,0,0,,2025-06-17
294,Troy Stecher,30,EDM,D,8,0,0,0,2,2,0,0,0,0,0,0,0,7,0.0,114,14:12,7,6,0,0,,2025-06-17
295,Sam Steel,26,DAL,C,18,1,6,7,-1,18,1,0,0,0,6,0,0,13,7.7,250,13:54,12,32,69,57,54.8,2025-06-17
296,Mark Stone,32,VEG,RW,10,4,4,8,-4,0,3,1,0,1,2,2,0,21,19.0,204,20:24,11,9,0,0,,2025-06-17
297,Dylan Strome,27,WSH,C,10,2,9,11,0,2,2,0,0,1,4,5,0,15,13.3,174,17:24,8,5,73,87,45.6,2025-06-17
298,Jayden Struble,23,MTL,D,2,0,0,0,-2,0,0,0,0,0,0,0,0,1,0.0,25,12:18,0,2,0,0,,2025-06-17
299,Nico Sturm,29,FLA,C,8,0,0,0,-3,0,0,0,0,0,0,0,0,3,0.0,72,8:59,2,16,25,36,41.0,2025-06-17
300,Tim Stützle,23,OTT,LW,6,2,3,5,1,2,1,1,0,0,3,0,0,14,14.3,120,20:02,3,34,17,15,53.1,2025-06-17
301,Oskar Sundqvist,30,STL,C,7,1,1,2,1,6,1,0,0,0,1,0,0,6,16.7,107,15:17,1,26,24,34,41.4,2025-06-17
302,Ryan Suter,40,STL,D,5,0,1,1,-2,0,0,0,0,0,1,0,0,2,0.0,85,16:54,9,2,0,0,,2025-06-17
303,Nick Suzuki,25,MTL,C,5,2,0,2,-5,2,1,1,0,0,0,0,0,14,14.3,111,22:16,4,11,47,34,58.0,2025-06-17
304,Andrei Svechnikov,24,CAR,RW,15,8,4,12,4,22,7,1,0,3,3,1,0,40,20.0,271,18:05,2,62,2,5,28.6,2025-06-17
305,Brandon Tanev,33,WPG,LW,13,0,0,0,-2,18,0,0,0,0,0,0,0,9,0.0,142,10:57,18,44,0,1,0.0,2025-06-17
306,Chris Tanev,35,TOR,D,13,1,2,3,2,2,1,0,0,0,2,0,0,3,33.3,254,19:32,38,7,0,0,,2025-06-17
307,Tomáš Tatar,34,NJD,LW,4,0,0,0,1,2,0,0,0,0,0,0,0,3,0.0,47,11:43,1,7,0,0,,2025-06-17
308,John Tavares,34,TOR,C,13,5,2,7,-6,10,2,3,0,1,1,1,0,40,12.5,241,18:33,14,22,107,89,54.6,2025-06-17
309,Alexandre Texier,25,STL,C,3,0,1,1,-1,0,0,0,0,0,1,0,0,2,0.0,36,12:03,0,8,0,1,0.0,2025-06-17
310,Shea Theodore,29,VEG,D,11,2,3,5,-9,0,0,2,0,0,1,2,0,24,8.3,253,23:02,20,1,0,0,,2025-06-17
311,Robert Thomas,25,STL,C,7,2,6,8,0,4,1,1,0,0,4,2,0,8,25.0,147,21:00,2,11,73,68,51.8,2025-06-17
312,Brady Tkachuk,25,OTT,LW,6,4,3,7,2,6,3,1,0,0,2,1,0,22,18.2,110,18:17,1,30,8,18,30.8,2025-06-17
313,Matthew Tkachuk,27,FLA,LW,22,7,15,22,6,33,2,5,0,0,9,6,0,39,17.9,383,17:26,10,45,0,0,,2025-06-17
314,Devon Toews,30,COL,D,7,1,3,4,3,2,1,0,0,0,2,1,0,5,20.0,172,24:33,17,5,0,0,,2025-06-17
315,Dominic Toninato,30,WPG,C,2,0,0,0,-1,2,0,0,0,0,0,0,0,0,,18,8:46,1,8,5,7,41.7,2025-06-17
316,Alexey Toropchenko,25,STL,RW,7,2,2,4,7,10,2,0,0,0,2,0,0,8,25.0,98,14:04,5,27,0,1,0.0,2025-06-17
317,Yakov Trenin,28,MIN,C,6,0,2,2,0,0,0,0,0,0,2,0,0,3,0.0,57,9:31,5,34,1,3,25.0,2025-06-17
318,Tyler Tucker,24,STL,D,3,1,0,1,0,4,1,0,0,1,0,0,0,4,25.0,43,14:24,2,12,0,0,,2025-06-17
319,Alex Turcotte,23,LAK,C,3,0,0,0,-2,0,0,0,0,0,0,0,0,0,,17,5:44,2,3,0,0,,2025-06-17
320,Trevor van Riemsdyk,33,WSH,D,10,0,2,2,0,4,0,0,0,0,2,0,0,3,0.0,160,15:57,18,1,0,0,,2025-06-17
321,Carter Verhaeghe,29,FLA,C,22,7,13,20,8,6,3,4,0,3,10,3,0,50,14.0,413,18:48,4,58,8,14,36.4,2025-06-17
322,Gabriel Vilardi,25,WPG,C,9,1,3,4,1,4,0,1,0,1,3,0,0,21,4.8,177,19:43,8,11,31,18,63.3,2025-06-17
323,Nathan Walker,30,STL,C,7,3,1,4,5,22,3,0,0,0,1,0,0,11,27.3,102,14:38,10,40,4,2,66.7,2025-06-17
324,Sean Walker,30,CAR,D,12,1,2,3,1,2,1,0,0,0,2,0,0,24,4.2,221,18:24,16,16,0,0,,2025-06-17
325,Jake Walman,28,EDM,D,21,2,7,9,9,12,2,0,0,0,7,0,0,33,6.1,425,20:14,62,37,0,0,,2025-06-17
326,Zach Whitecloud,28,VEG,D,11,0,2,2,-3,8,0,0,0,0,1,0,1,8,0.0,192,17:30,16,28,0,0,,2025-06-17
327,Tom Wilson,30,WSH,RW,10,3,4,7,3,14,2,1,0,0,2,2,0,19,15.8,200,20:01,9,51,3,3,50.0,2025-06-17
328,Miles Wood,29,COL,LW,1,0,0,0,-3,0,0,0,0,0,0,0,0,1,0.0,13,12:42,0,7,0,0,,2025-06-17
329,Arber Xhekaj,24,MTL,D,3,0,0,0,1,4,0,0,0,0,0,0,0,2,0.0,33,10:58,0,12,0,0,,2025-06-17
330,Fabian Zetterlund,25,OTT,W,6,0,0,0,0,0,0,0,0,0,0,0,0,9,0.0,81,13:29,2,16,0,2,0.0,2025-06-17
331,Artem Zub,29,OTT,D,6,0,1,1,0,2,0,0,0,0,1,0,0,3,0.0,136,22:36,15,3,0,0,,2025-06-17
332,Mats Zuccarello,37,MIN,LW,6,1,2,3,-1,0,1,0,0,1,1,1,0,8,12.5,112,18:40,1,11,0,2,0.0,2025-06-17
